{"0":{"frame_id":1615,"corner_1_x":759,"corner_1_y":427,"corner_2_x":1519,"corner_2_y":427,"corner_3_x":1519,"corner_3_y":855,"corner_4_x":759,"corner_4_y":855},"1":{"frame_id":1630,"corner_1_x":678.5618286133,"corner_1_y":472.1269836426,"corner_2_x":1478.9379882812,"corner_2_y":396.3565063477,"corner_3_x":1531.5892333984,"corner_3_y":853.595703125,"corner_4_x":714.8964233398,"corner_4_y":938.4682617188},"2":{"frame_id":1645,"corner_1_x":576.891418457,"corner_1_y":545.6712646484,"corner_2_x":1367.0599365234,"corner_2_y":403.2950134277,"corner_3_x":1451.2749023438,"corner_3_y":827.920715332,"corner_4_x":655.3395385742,"corner_4_y":1023.8200073242},"3":{"frame_id":1660,"corner_1_x":676.4902954102,"corner_1_y":384.7567443848,"corner_2_x":1594.0567626953,"corner_2_y":238.8950653076,"corner_3_x":1644.7548828125,"corner_3_y":767.7002563477,"corner_4_x":778.8853759766,"corner_4_y":877.9758911133},"4":{"frame_id":1675,"corner_1_x":723.6016235352,"corner_1_y":506.2653503418,"corner_2_x":1563.1071777344,"corner_2_y":277.1900024414,"corner_3_x":1707.5601806641,"corner_3_y":774.5852050781,"corner_4_x":849.5899658203,"corner_4_y":981.9891357422},"5":{"frame_id":1690,"corner_1_x":782.5924072266,"corner_1_y":522.1284179688,"corner_2_x":1579.6750488281,"corner_2_y":233.3212585449,"corner_3_x":1748.310546875,"corner_3_y":725.8904418945,"corner_4_x":926.5266723633,"corner_4_y":948.6262817383},"6":{"frame_id":1705,"corner_1_x":856.3600463867,"corner_1_y":578.6345825195,"corner_2_x":1591.3419189453,"corner_2_y":271.9887390137,"corner_3_x":1804.9104003906,"corner_3_y":737.1439819336,"corner_4_x":994.0744628906,"corner_4_y":977.7619628906},"7":{"frame_id":1720,"corner_1_x":847.1240234375,"corner_1_y":575.5420532227,"corner_2_x":1577.9301757812,"corner_2_y":275.4483642578,"corner_3_x":1787.2855224609,"corner_3_y":733.2977905273,"corner_4_x":985.8137207031,"corner_4_y":975.9460449219},"8":{"frame_id":1735,"corner_1_x":840.3179321289,"corner_1_y":574.5143432617,"corner_2_x":1575.5520019531,"corner_2_y":278.8715515137,"corner_3_x":1779.1350097656,"corner_3_y":737.7084350586,"corner_4_x":978.0609130859,"corner_4_y":977.0741577148},"9":{"frame_id":1750,"corner_1_x":837.7886352539,"corner_1_y":572.6032104492,"corner_2_x":1570.2618408203,"corner_2_y":285.3229675293,"corner_3_x":1770.3278808594,"corner_3_y":739.6749267578,"corner_4_x":974.7727661133,"corner_4_y":976.4085083008}}